{
    "variables": {
        "service_account_key_file": "",
        "folder_id": "",
        "source_image_family": "",
        "ssh_username": ""
    },
    "builders": [
        {
            "type": "yandex",
            "service_account_key_file": "{{user `service_account_key_file`}}",
            "folder_id": "{{user `folder_id`}}",
            "source_image_family": "{{user `source_image_family`}}",
            "image_name": "reddit-base-{{timestamp}}",
            "image_family": "reddit-base",
            "ssh_username": "{{user `ssh_username`}}",
            "use_ipv4_nat": "true",
            "platform_id": "standard-v1"
        }
    ],
    "provisioners": [
        {
            "type": "shell",
            "script": "scripts/install_ruby.sh",
            "execute_command": "sudo {{.Path}}"
        },
        {
            "type": "shell",
            "script": "scripts/install_mongodb.sh",
            "execute_command": "sudo {{.Path}}"
        }
    ]
}
